WAXPUSDT,https://finance.yahoo.com/quote/WAXPUSDT/chart?p=WAXPUSDT
BELUSDT,https://finance.yahoo.com/quote/BELUSDT/chart?p=BELUSDT
FILDOWNUSDT,https://finance.yahoo.com/quote/FILDOWNUSDT/chart?p=FILDOWNUSDT
BETAUSDT,https://finance.yahoo.com/quote/BETAUSDT/chart?p=BETAUSDT
EPSUSDT,https://finance.yahoo.com/quote/EPSUSDT/chart?p=EPSUSDT
MCOUSDT,https://finance.yahoo.com/quote/MCOUSDT/chart?p=MCOUSDT
AGLDUSDT,https://finance.yahoo.com/quote/AGLDUSDT/chart?p=AGLDUSDT
NUUSDT,https://finance.yahoo.com/quote/NUUSDT/chart?p=NUUSDT
LENDUSDT,https://finance.yahoo.com/quote/LENDUSDT/chart?p=LENDUSDT
TORNUSDT,https://finance.yahoo.com/quote/TORNUSDT/chart?p=TORNUSDT
ENSUSDT,https://finance.yahoo.com/quote/ENSUSDT/chart?p=ENSUSDT
MIRUSDT,https://finance.yahoo.com/quote/MIRUSDT/chart?p=MIRUSDT
BNBBEARUSDT,https://finance.yahoo.com/quote/BNBBEARUSDT/chart?p=BNBBEARUSDT
SCUSDT,https://finance.yahoo.com/quote/SCUSDT/chart?p=SCUSDT
BNTUSDT,https://finance.yahoo.com/quote/BNTUSDT/chart?p=BNTUSDT
STRATUSDT,https://finance.yahoo.com/quote/STRATUSDT/chart?p=STRATUSDT
LAZIOUSDT,https://finance.yahoo.com/quote/LAZIOUSDT/chart?p=LAZIOUSDT
BTTUSDT,https://finance.yahoo.com/quote/BTTUSDT/chart?p=BTTUSDT
OGNUSDT,https://finance.yahoo.com/quote/OGNUSDT/chart?p=OGNUSDT
C98USDT,https://finance.yahoo.com/quote/C98USDT/chart?p=C98USDT
ATMUSDT,https://finance.yahoo.com/quote/ATMUSDT/chart?p=ATMUSDT
EOSUPUSDT,https://finance.yahoo.com/quote/EOSUPUSDT/chart?p=EOSUPUSDT
OMUSDT,https://finance.yahoo.com/quote/OMUSDT/chart?p=OMUSDT
BZRXUSDT,https://finance.yahoo.com/quote/BZRXUSDT/chart?p=BZRXUSDT
ALCXUSDT,https://finance.yahoo.com/quote/ALCXUSDT/chart?p=ALCXUSDT
DYDXUSDT,https://finance.yahoo.com/quote/DYDXUSDT/chart?p=DYDXUSDT
UTKUSDT,https://finance.yahoo.com/quote/UTKUSDT/chart?p=UTKUSDT
SHIBUSDT,https://finance.yahoo.com/quote/SHIBUSDT/chart?p=SHIBUSDT
LUNAUSDT,https://finance.yahoo.com/quote/LUNAUSDT/chart?p=LUNAUSDT
STORJUSDT,https://finance.yahoo.com/quote/STORJUSDT/chart?p=STORJUSDT
COTIUSDT,https://finance.yahoo.com/quote/COTIUSDT/chart?p=COTIUSDT
UNIUPUSDT,https://finance.yahoo.com/quote/UNIUPUSDT/chart?p=UNIUPUSDT
CTXCUSDT,https://finance.yahoo.com/quote/CTXCUSDT/chart?p=CTXCUSDT
SANDUSDT,https://finance.yahoo.com/quote/SANDUSDT/chart?p=SANDUSDT
TUSDUSDT,https://finance.yahoo.com/quote/TUSDUSDT/chart?p=TUSDUSDT
YFIUPUSDT,https://finance.yahoo.com/quote/YFIUPUSDT/chart?p=YFIUPUSDT
DCRUSDT,https://finance.yahoo.com/quote/DCRUSDT/chart?p=DCRUSDT
BNXUSDT,https://finance.yahoo.com/quote/BNXUSDT/chart?p=BNXUSDT
VGXUSDT,https://finance.yahoo.com/quote/VGXUSDT/chart?p=VGXUSDT
MDXUSDT,https://finance.yahoo.com/quote/MDXUSDT/chart?p=MDXUSDT
ETHBEARUSDT,https://finance.yahoo.com/quote/ETHBEARUSDT/chart?p=ETHBEARUSDT
ASRUSDT,https://finance.yahoo.com/quote/ASRUSDT/chart?p=ASRUSDT
XEMUSDT,https://finance.yahoo.com/quote/XEMUSDT/chart?p=XEMUSDT
IOSTUSDT,https://finance.yahoo.com/quote/IOSTUSDT/chart?p=IOSTUSDT
BTGUSDT,https://finance.yahoo.com/quote/BTGUSDT/chart?p=BTGUSDT
FIOUSDT,https://finance.yahoo.com/quote/FIOUSDT/chart?p=FIOUSDT
DOCKUSDT,https://finance.yahoo.com/quote/DOCKUSDT/chart?p=DOCKUSDT
FIDAUSDT,https://finance.yahoo.com/quote/FIDAUSDT/chart?p=FIDAUSDT
DUSKUSDT,https://finance.yahoo.com/quote/DUSKUSDT/chart?p=DUSKUSDT
NEARUSDT,https://finance.yahoo.com/quote/NEARUSDT/chart?p=NEARUSDT
HBARUSDT,https://finance.yahoo.com/quote/HBARUSDT/chart?p=HBARUSDT
DIAUSDT,https://finance.yahoo.com/quote/DIAUSDT/chart?p=DIAUSDT
GTOUSDT,https://finance.yahoo.com/quote/GTOUSDT/chart?p=GTOUSDT
SUSHIDOWNUSDT,https://finance.yahoo.com/quote/SUSHIDOWNUSDT/chart?p=SUSHIDOWNUSDT
XTZUSDT,https://finance.yahoo.com/quote/XTZUSDT/chart?p=XTZUSDT
TFUELUSDT,https://finance.yahoo.com/quote/TFUELUSDT/chart?p=TFUELUSDT
CLVUSDT,https://finance.yahoo.com/quote/CLVUSDT/chart?p=CLVUSDT
COMPUSDT,https://finance.yahoo.com/quote/COMPUSDT/chart?p=COMPUSDT
VETUSDT,https://finance.yahoo.com/quote/VETUSDT/chart?p=VETUSDT
HCUSDT,https://finance.yahoo.com/quote/HCUSDT/chart?p=HCUSDT
AMPUSDT,https://finance.yahoo.com/quote/AMPUSDT/chart?p=AMPUSDT
WINUSDT,https://finance.yahoo.com/quote/WINUSDT/chart?p=WINUSDT
BCHABCUSDT,https://finance.yahoo.com/quote/BCHABCUSDT/chart?p=BCHABCUSDT
LINKDOWNUSDT,https://finance.yahoo.com/quote/LINKDOWNUSDT/chart?p=LINKDOWNUSDT
ACMUSDT,https://finance.yahoo.com/quote/ACMUSDT/chart?p=ACMUSDT
TKOUSDT,https://finance.yahoo.com/quote/TKOUSDT/chart?p=TKOUSDT
TRBUSDT,https://finance.yahoo.com/quote/TRBUSDT/chart?p=TRBUSDT
XRPDOWNUSDT,https://finance.yahoo.com/quote/XRPDOWNUSDT/chart?p=XRPDOWNUSDT
BARUSDT,https://finance.yahoo.com/quote/BARUSDT/chart?p=BARUSDT
ETHBULLUSDT,https://finance.yahoo.com/quote/ETHBULLUSDT/chart?p=ETHBULLUSDT
CAKEUSDT,https://finance.yahoo.com/quote/CAKEUSDT/chart?p=CAKEUSDT
NANOUSDT,https://finance.yahoo.com/quote/NANOUSDT/chart?p=NANOUSDT
TCTUSDT,https://finance.yahoo.com/quote/TCTUSDT/chart?p=TCTUSDT
MKRUSDT,https://finance.yahoo.com/quote/MKRUSDT/chart?p=MKRUSDT
TROYUSDT,https://finance.yahoo.com/quote/TROYUSDT/chart?p=TROYUSDT
ENJUSDT,https://finance.yahoo.com/quote/ENJUSDT/chart?p=ENJUSDT
1INCHUPUSDT,https://finance.yahoo.com/quote/1INCHUPUSDT/chart?p=1INCHUPUSDT
ANYUSDT,https://finance.yahoo.com/quote/ANYUSDT/chart?p=ANYUSDT
EOSDOWNUSDT,https://finance.yahoo.com/quote/EOSDOWNUSDT/chart?p=EOSDOWNUSDT
ATOMUSDT,https://finance.yahoo.com/quote/ATOMUSDT/chart?p=ATOMUSDT
QTUMUSDT,https://finance.yahoo.com/quote/QTUMUSDT/chart?p=QTUMUSDT
MCUSDT,https://finance.yahoo.com/quote/MCUSDT/chart?p=MCUSDT
CITYUSDT,https://finance.yahoo.com/quote/CITYUSDT/chart?p=CITYUSDT
WNXMUSDT,https://finance.yahoo.com/quote/WNXMUSDT/chart?p=WNXMUSDT
MATICUSDT,https://finance.yahoo.com/quote/MATICUSDT/chart?p=MATICUSDT
EOSUSDT,https://finance.yahoo.com/quote/EOSUSDT/chart?p=EOSUSDT
ADADOWNUSDT,https://finance.yahoo.com/quote/ADADOWNUSDT/chart?p=ADADOWNUSDT
ANTUSDT,https://finance.yahoo.com/quote/ANTUSDT/chart?p=ANTUSDT
SXPDOWNUSDT,https://finance.yahoo.com/quote/SXPDOWNUSDT/chart?p=SXPDOWNUSDT
MLNUSDT,https://finance.yahoo.com/quote/MLNUSDT/chart?p=MLNUSDT
PAXGUSDT,https://finance.yahoo.com/quote/PAXGUSDT/chart?p=PAXGUSDT
OGUSDT,https://finance.yahoo.com/quote/OGUSDT/chart?p=OGUSDT
NBSUSDT,https://finance.yahoo.com/quote/NBSUSDT/chart?p=NBSUSDT
FISUSDT,https://finance.yahoo.com/quote/FISUSDT/chart?p=FISUSDT
AXSUSDT,https://finance.yahoo.com/quote/AXSUSDT/chart?p=AXSUSDT
MITHUSDT,https://finance.yahoo.com/quote/MITHUSDT/chart?p=MITHUSDT
RVNUSDT,https://finance.yahoo.com/quote/RVNUSDT/chart?p=RVNUSDT
USDCUSDT,https://finance.yahoo.com/quote/USDCUSDT/chart?p=USDCUSDT
FLUXUSDT,https://finance.yahoo.com/quote/FLUXUSDT/chart?p=FLUXUSDT
SNXUSDT,https://finance.yahoo.com/quote/SNXUSDT/chart?p=SNXUSDT
DOTUSDT,https://finance.yahoo.com/quote/DOTUSDT/chart?p=DOTUSDT
BCHSVUSDT,https://finance.yahoo.com/quote/BCHSVUSDT/chart?p=BCHSVUSDT
FLMUSDT,https://finance.yahoo.com/quote/FLMUSDT/chart?p=FLMUSDT
JUVUSDT,https://finance.yahoo.com/quote/JUVUSDT/chart?p=JUVUSDT
XVSUSDT,https://finance.yahoo.com/quote/XVSUSDT/chart?p=XVSUSDT
OCEANUSDT,https://finance.yahoo.com/quote/OCEANUSDT/chart?p=OCEANUSDT
PNTUSDT,https://finance.yahoo.com/quote/PNTUSDT/chart?p=PNTUSDT
ADXUSDT,https://finance.yahoo.com/quote/ADXUSDT/chart?p=ADXUSDT
YFIIUSDT,https://finance.yahoo.com/quote/YFIIUSDT/chart?p=YFIIUSDT
MBLUSDT,https://finance.yahoo.com/quote/MBLUSDT/chart?p=MBLUSDT
ETHDOWNUSDT,https://finance.yahoo.com/quote/ETHDOWNUSDT/chart?p=ETHDOWNUSDT
ETCUSDT,https://finance.yahoo.com/quote/ETCUSDT/chart?p=ETCUSDT
GTCUSDT,https://finance.yahoo.com/quote/GTCUSDT/chart?p=GTCUSDT
ZILUSDT,https://finance.yahoo.com/quote/ZILUSDT/chart?p=ZILUSDT
STRAXUSDT,https://finance.yahoo.com/quote/STRAXUSDT/chart?p=STRAXUSDT
BNBUSDT,https://finance.yahoo.com/quote/BNBUSDT/chart?p=BNBUSDT
WANUSDT,https://finance.yahoo.com/quote/WANUSDT/chart?p=WANUSDT
JASMYUSDT,https://finance.yahoo.com/quote/JASMYUSDT/chart?p=JASMYUSDT
DGBUSDT,https://finance.yahoo.com/quote/DGBUSDT/chart?p=DGBUSDT
IOTAUSDT,https://finance.yahoo.com/quote/IOTAUSDT/chart?p=IOTAUSDT
PONDUSDT,https://finance.yahoo.com/quote/PONDUSDT/chart?p=PONDUSDT
CFXUSDT,https://finance.yahoo.com/quote/CFXUSDT/chart?p=CFXUSDT
CRVUSDT,https://finance.yahoo.com/quote/CRVUSDT/chart?p=CRVUSDT
UMAUSDT,https://finance.yahoo.com/quote/UMAUSDT/chart?p=UMAUSDT
ANKRUSDT,https://finance.yahoo.com/quote/ANKRUSDT/chart?p=ANKRUSDT
HIVEUSDT,https://finance.yahoo.com/quote/HIVEUSDT/chart?p=HIVEUSDT
1INCHUSDT,https://finance.yahoo.com/quote/1INCHUSDT/chart?p=1INCHUSDT
POWRUSDT,https://finance.yahoo.com/quote/POWRUSDT/chart?p=POWRUSDT
STMXUSDT,https://finance.yahoo.com/quote/STMXUSDT/chart?p=STMXUSDT
FIROUSDT,https://finance.yahoo.com/quote/FIROUSDT/chart?p=FIROUSDT
ERNUSDT,https://finance.yahoo.com/quote/ERNUSDT/chart?p=ERNUSDT
BADGERUSDT,https://finance.yahoo.com/quote/BADGERUSDT/chart?p=BADGERUSDT
ONEUSDT,https://finance.yahoo.com/quote/ONEUSDT/chart?p=ONEUSDT
PYRUSDT,https://finance.yahoo.com/quote/PYRUSDT/chart?p=PYRUSDT
STXUSDT,https://finance.yahoo.com/quote/STXUSDT/chart?p=STXUSDT
ATAUSDT,https://finance.yahoo.com/quote/ATAUSDT/chart?p=ATAUSDT
TVKUSDT,https://finance.yahoo.com/quote/TVKUSDT/chart?p=TVKUSDT
BICOUSDT,https://finance.yahoo.com/quote/BICOUSDT/chart?p=BICOUSDT
BURGERUSDT,https://finance.yahoo.com/quote/BURGERUSDT/chart?p=BURGERUSDT
BTSUSDT,https://finance.yahoo.com/quote/BTSUSDT/chart?p=BTSUSDT
AVAXUSDT,https://finance.yahoo.com/quote/AVAXUSDT/chart?p=AVAXUSDT
QNTUSDT,https://finance.yahoo.com/quote/QNTUSDT/chart?p=QNTUSDT
XTZUPUSDT,https://finance.yahoo.com/quote/XTZUPUSDT/chart?p=XTZUPUSDT
FTMUSDT,https://finance.yahoo.com/quote/FTMUSDT/chart?p=FTMUSDT
WINGUSDT,https://finance.yahoo.com/quote/WINGUSDT/chart?p=WINGUSDT
SANTOSUSDT,https://finance.yahoo.com/quote/SANTOSUSDT/chart?p=SANTOSUSDT
XVGUSDT,https://finance.yahoo.com/quote/XVGUSDT/chart?p=XVGUSDT
BALUSDT,https://finance.yahoo.com/quote/BALUSDT/chart?p=BALUSDT
FXSUSDT,https://finance.yahoo.com/quote/FXSUSDT/chart?p=FXSUSDT
ADAUPUSDT,https://finance.yahoo.com/quote/ADAUPUSDT/chart?p=ADAUPUSDT
DAIUSDT,https://finance.yahoo.com/quote/DAIUSDT/chart?p=DAIUSDT
DOTUPUSDT,https://finance.yahoo.com/quote/DOTUPUSDT/chart?p=DOTUPUSDT
ETHUSDT,https://finance.yahoo.com/quote/ETHUSDT/chart?p=ETHUSDT
BNBBULLUSDT,https://finance.yahoo.com/quote/BNBBULLUSDT/chart?p=BNBBULLUSDT
DOGEUSDT,https://finance.yahoo.com/quote/DOGEUSDT/chart?p=DOGEUSDT
DEGOUSDT,https://finance.yahoo.com/quote/DEGOUSDT/chart?p=DEGOUSDT
CVCUSDT,https://finance.yahoo.com/quote/CVCUSDT/chart?p=CVCUSDT
GNOUSDT,https://finance.yahoo.com/quote/GNOUSDT/chart?p=GNOUSDT
SXPUPUSDT,https://finance.yahoo.com/quote/SXPUPUSDT/chart?p=SXPUPUSDT
FORUSDT,https://finance.yahoo.com/quote/FORUSDT/chart?p=FORUSDT
IDEXUSDT,https://finance.yahoo.com/quote/IDEXUSDT/chart?p=IDEXUSDT
WAVESUSDT,https://finance.yahoo.com/quote/WAVESUSDT/chart?p=WAVESUSDT
KEEPUSDT,https://finance.yahoo.com/quote/KEEPUSDT/chart?p=KEEPUSDT
XRPUSDT,https://finance.yahoo.com/quote/XRPUSDT/chart?p=XRPUSDT
GRTUSDT,https://finance.yahoo.com/quote/GRTUSDT/chart?p=GRTUSDT
ZENUSDT,https://finance.yahoo.com/quote/ZENUSDT/chart?p=ZENUSDT
USDSBUSDT,https://finance.yahoo.com/quote/USDSBUSDT/chart?p=USDSBUSDT
REPUSDT,https://finance.yahoo.com/quote/REPUSDT/chart?p=REPUSDT
XRPBULLUSDT,https://finance.yahoo.com/quote/XRPBULLUSDT/chart?p=XRPBULLUSDT
MINAUSDT,https://finance.yahoo.com/quote/MINAUSDT/chart?p=MINAUSDT
CVPUSDT,https://finance.yahoo.com/quote/CVPUSDT/chart?p=CVPUSDT
EURUSDT,https://finance.yahoo.com/quote/EURUSDT/chart?p=EURUSDT
NPXSUSDT,https://finance.yahoo.com/quote/NPXSUSDT/chart?p=NPXSUSDT
ORNUSDT,https://finance.yahoo.com/quote/ORNUSDT/chart?p=ORNUSDT
FARMUSDT,https://finance.yahoo.com/quote/FARMUSDT/chart?p=FARMUSDT
PERPUSDT,https://finance.yahoo.com/quote/PERPUSDT/chart?p=PERPUSDT
HOTUSDT,https://finance.yahoo.com/quote/HOTUSDT/chart?p=HOTUSDT
VOXELUSDT,https://finance.yahoo.com/quote/VOXELUSDT/chart?p=VOXELUSDT
AUCTIONUSDT,https://finance.yahoo.com/quote/AUCTIONUSDT/chart?p=AUCTIONUSDT
OMGUSDT,https://finance.yahoo.com/quote/OMGUSDT/chart?p=OMGUSDT
PAXUSDT,https://finance.yahoo.com/quote/PAXUSDT/chart?p=PAXUSDT
BTCDOWNUSDT,https://finance.yahoo.com/quote/BTCDOWNUSDT/chart?p=BTCDOWNUSDT
BLZUSDT,https://finance.yahoo.com/quote/BLZUSDT/chart?p=BLZUSDT
CHRUSDT,https://finance.yahoo.com/quote/CHRUSDT/chart?p=CHRUSDT
KP3RUSDT,https://finance.yahoo.com/quote/KP3RUSDT/chart?p=KP3RUSDT
ALICEUSDT,https://finance.yahoo.com/quote/ALICEUSDT/chart?p=ALICEUSDT
THETAUSDT,https://finance.yahoo.com/quote/THETAUSDT/chart?p=THETAUSDT
KLAYUSDT,https://finance.yahoo.com/quote/KLAYUSDT/chart?p=KLAYUSDT
FTTUSDT,https://finance.yahoo.com/quote/FTTUSDT/chart?p=FTTUSDT
LITUSDT,https://finance.yahoo.com/quote/LITUSDT/chart?p=LITUSDT
LTOUSDT,https://finance.yahoo.com/quote/LTOUSDT/chart?p=LTOUSDT
XECUSDT,https://finance.yahoo.com/quote/XECUSDT/chart?p=XECUSDT
MASKUSDT,https://finance.yahoo.com/quote/MASKUSDT/chart?p=MASKUSDT
PHAUSDT,https://finance.yahoo.com/quote/PHAUSDT/chart?p=PHAUSDT
BCCUSDT,https://finance.yahoo.com/quote/BCCUSDT/chart?p=BCCUSDT
KAVAUSDT,https://finance.yahoo.com/quote/KAVAUSDT/chart?p=KAVAUSDT
CHZUSDT,https://finance.yahoo.com/quote/CHZUSDT/chart?p=CHZUSDT
BATUSDT,https://finance.yahoo.com/quote/BATUSDT/chart?p=BATUSDT
EOSBULLUSDT,https://finance.yahoo.com/quote/EOSBULLUSDT/chart?p=EOSBULLUSDT
BKRWUSDT,https://finance.yahoo.com/quote/BKRWUSDT/chart?p=BKRWUSDT
SLPUSDT,https://finance.yahoo.com/quote/SLPUSDT/chart?p=SLPUSDT
DNTUSDT,https://finance.yahoo.com/quote/DNTUSDT/chart?p=DNTUSDT
BEARUSDT,https://finance.yahoo.com/quote/BEARUSDT/chart?p=BEARUSDT
SFPUSDT,https://finance.yahoo.com/quote/SFPUSDT/chart?p=SFPUSDT
ZECUSDT,https://finance.yahoo.com/quote/ZECUSDT/chart?p=ZECUSDT
REQUSDT,https://finance.yahoo.com/quote/REQUSDT/chart?p=REQUSDT
SOLUSDT,https://finance.yahoo.com/quote/SOLUSDT/chart?p=SOLUSDT
ONGUSDT,https://finance.yahoo.com/quote/ONGUSDT/chart?p=ONGUSDT
VIDTUSDT,https://finance.yahoo.com/quote/VIDTUSDT/chart?p=VIDTUSDT
RIFUSDT,https://finance.yahoo.com/quote/RIFUSDT/chart?p=RIFUSDT
TRIBEUSDT,https://finance.yahoo.com/quote/TRIBEUSDT/chart?p=TRIBEUSDT
PORTOUSDT,https://finance.yahoo.com/quote/PORTOUSDT/chart?p=PORTOUSDT
BTCUPUSDT,https://finance.yahoo.com/quote/BTCUPUSDT/chart?p=BTCUPUSDT
RAMPUSDT,https://finance.yahoo.com/quote/RAMPUSDT/chart?p=RAMPUSDT
RAYUSDT,https://finance.yahoo.com/quote/RAYUSDT/chart?p=RAYUSDT
YGGUSDT,https://finance.yahoo.com/quote/YGGUSDT/chart?p=YGGUSDT
BCHUPUSDT,https://finance.yahoo.com/quote/BCHUPUSDT/chart?p=BCHUPUSDT
DOTDOWNUSDT,https://finance.yahoo.com/quote/DOTDOWNUSDT/chart?p=DOTDOWNUSDT
SPELLUSDT,https://finance.yahoo.com/quote/SPELLUSDT/chart?p=SPELLUSDT
ALGOUSDT,https://finance.yahoo.com/quote/ALGOUSDT/chart?p=ALGOUSDT
SUSHIUPUSDT,https://finance.yahoo.com/quote/SUSHIUPUSDT/chart?p=SUSHIUPUSDT
BONDUSDT,https://finance.yahoo.com/quote/BONDUSDT/chart?p=BONDUSDT
POLSUSDT,https://finance.yahoo.com/quote/POLSUSDT/chart?p=POLSUSDT
TLMUSDT,https://finance.yahoo.com/quote/TLMUSDT/chart?p=TLMUSDT
SKLUSDT,https://finance.yahoo.com/quote/SKLUSDT/chart?p=SKLUSDT
DFUSDT,https://finance.yahoo.com/quote/DFUSDT/chart?p=DFUSDT
DODOUSDT,https://finance.yahoo.com/quote/DODOUSDT/chart?p=DODOUSDT
MOVRUSDT,https://finance.yahoo.com/quote/MOVRUSDT/chart?p=MOVRUSDT
POLYUSDT,https://finance.yahoo.com/quote/POLYUSDT/chart?p=POLYUSDT
QUICKUSDT,https://finance.yahoo.com/quote/QUICKUSDT/chart?p=QUICKUSDT
ONTUSDT,https://finance.yahoo.com/quote/ONTUSDT/chart?p=ONTUSDT
HARDUSDT,https://finance.yahoo.com/quote/HARDUSDT/chart?p=HARDUSDT
AKROUSDT,https://finance.yahoo.com/quote/AKROUSDT/chart?p=AKROUSDT
BNBDOWNUSDT,https://finance.yahoo.com/quote/BNBDOWNUSDT/chart?p=BNBDOWNUSDT
FETUSDT,https://finance.yahoo.com/quote/FETUSDT/chart?p=FETUSDT
SUSDUSDT,https://finance.yahoo.com/quote/SUSDUSDT/chart?p=SUSDUSDT
MBOXUSDT,https://finance.yahoo.com/quote/MBOXUSDT/chart?p=MBOXUSDT
FUNUSDT,https://finance.yahoo.com/quote/FUNUSDT/chart?p=FUNUSDT
BTCSTUSDT,https://finance.yahoo.com/quote/BTCSTUSDT/chart?p=BTCSTUSDT
BULLUSDT,https://finance.yahoo.com/quote/BULLUSDT/chart?p=BULLUSDT
OXTUSDT,https://finance.yahoo.com/quote/OXTUSDT/chart?p=OXTUSDT
NMRUSDT,https://finance.yahoo.com/quote/NMRUSDT/chart?p=NMRUSDT
NKNUSDT,https://finance.yahoo.com/quote/NKNUSDT/chart?p=NKNUSDT
AAVEDOWNUSDT,https://finance.yahoo.com/quote/AAVEDOWNUSDT/chart?p=AAVEDOWNUSDT
TRXUPUSDT,https://finance.yahoo.com/quote/TRXUPUSDT/chart?p=TRXUPUSDT
USTUSDT,https://finance.yahoo.com/quote/USTUSDT/chart?p=USTUSDT
NULSUSDT,https://finance.yahoo.com/quote/NULSUSDT/chart?p=NULSUSDT
RNDRUSDT,https://finance.yahoo.com/quote/RNDRUSDT/chart?p=RNDRUSDT
ARUSDT,https://finance.yahoo.com/quote/ARUSDT/chart?p=ARUSDT
ARPAUSDT,https://finance.yahoo.com/quote/ARPAUSDT/chart?p=ARPAUSDT
ADAUSDT,https://finance.yahoo.com/quote/ADAUSDT/chart?p=ADAUSDT
KNCUSDT,https://finance.yahoo.com/quote/KNCUSDT/chart?p=KNCUSDT
HIGHUSDT,https://finance.yahoo.com/quote/HIGHUSDT/chart?p=HIGHUSDT
ZRXUSDT,https://finance.yahoo.com/quote/ZRXUSDT/chart?p=ZRXUSDT
JSTUSDT,https://finance.yahoo.com/quote/JSTUSDT/chart?p=JSTUSDT
GALAUSDT,https://finance.yahoo.com/quote/GALAUSDT/chart?p=GALAUSDT
IOTXUSDT,https://finance.yahoo.com/quote/IOTXUSDT/chart?p=IOTXUSDT
DENTUSDT,https://finance.yahoo.com/quote/DENTUSDT/chart?p=DENTUSDT
SUSHIUSDT,https://finance.yahoo.com/quote/SUSHIUSDT/chart?p=SUSHIUSDT
DREPUSDT,https://finance.yahoo.com/quote/DREPUSDT/chart?p=DREPUSDT
ETHUPUSDT,https://finance.yahoo.com/quote/ETHUPUSDT/chart?p=ETHUPUSDT
COCOSUSDT,https://finance.yahoo.com/quote/COCOSUSDT/chart?p=COCOSUSDT
ICPUSDT,https://finance.yahoo.com/quote/ICPUSDT/chart?p=ICPUSDT
GXSUSDT,https://finance.yahoo.com/quote/GXSUSDT/chart?p=GXSUSDT
MTLUSDT,https://finance.yahoo.com/quote/MTLUSDT/chart?p=MTLUSDT
YFIUSDT,https://finance.yahoo.com/quote/YFIUSDT/chart?p=YFIUSDT
ICXUSDT,https://finance.yahoo.com/quote/ICXUSDT/chart?p=ICXUSDT
PLAUSDT,https://finance.yahoo.com/quote/PLAUSDT/chart?p=PLAUSDT
CKBUSDT,https://finance.yahoo.com/quote/CKBUSDT/chart?p=CKBUSDT
KSMUSDT,https://finance.yahoo.com/quote/KSMUSDT/chart?p=KSMUSDT
STORMUSDT,https://finance.yahoo.com/quote/STORMUSDT/chart?p=STORMUSDT
AVAUSDT,https://finance.yahoo.com/quote/AVAUSDT/chart?p=AVAUSDT
DEXEUSDT,https://finance.yahoo.com/quote/DEXEUSDT/chart?p=DEXEUSDT
CELRUSDT,https://finance.yahoo.com/quote/CELRUSDT/chart?p=CELRUSDT
VTHOUSDT,https://finance.yahoo.com/quote/VTHOUSDT/chart?p=VTHOUSDT
FILUPUSDT,https://finance.yahoo.com/quote/FILUPUSDT/chart?p=FILUPUSDT
DATAUSDT,https://finance.yahoo.com/quote/DATAUSDT/chart?p=DATAUSDT
SXPUSDT,https://finance.yahoo.com/quote/SXPUSDT/chart?p=SXPUSDT
XTZDOWNUSDT,https://finance.yahoo.com/quote/XTZDOWNUSDT/chart?p=XTZDOWNUSDT
TOMOUSDT,https://finance.yahoo.com/quote/TOMOUSDT/chart?p=TOMOUSDT
YFIDOWNUSDT,https://finance.yahoo.com/quote/YFIDOWNUSDT/chart?p=YFIDOWNUSDT
GHSTUSDT,https://finance.yahoo.com/quote/GHSTUSDT/chart?p=GHSTUSDT
STPTUSDT,https://finance.yahoo.com/quote/STPTUSDT/chart?p=STPTUSDT
QIUSDT,https://finance.yahoo.com/quote/QIUSDT/chart?p=QIUSDT
LTCUSDT,https://finance.yahoo.com/quote/LTCUSDT/chart?p=LTCUSDT
RENUSDT,https://finance.yahoo.com/quote/RENUSDT/chart?p=RENUSDT
BUSDUSDT,https://finance.yahoo.com/quote/BUSDUSDT/chart?p=BUSDUSDT
HNTUSDT,https://finance.yahoo.com/quote/HNTUSDT/chart?p=HNTUSDT
MFTUSDT,https://finance.yahoo.com/quote/MFTUSDT/chart?p=MFTUSDT
BAKEUSDT,https://finance.yahoo.com/quote/BAKEUSDT/chart?p=BAKEUSDT
TRUUSDT,https://finance.yahoo.com/quote/TRUUSDT/chart?p=TRUUSDT
CHESSUSDT,https://finance.yahoo.com/quote/CHESSUSDT/chart?p=CHESSUSDT
RADUSDT,https://finance.yahoo.com/quote/RADUSDT/chart?p=RADUSDT
ELFUSDT,https://finance.yahoo.com/quote/ELFUSDT/chart?p=ELFUSDT
BEAMUSDT,https://finance.yahoo.com/quote/BEAMUSDT/chart?p=BEAMUSDT
AUDIOUSDT,https://finance.yahoo.com/quote/AUDIOUSDT/chart?p=AUDIOUSDT
XLMDOWNUSDT,https://finance.yahoo.com/quote/XLMDOWNUSDT/chart?p=XLMDOWNUSDT
XLMUPUSDT,https://finance.yahoo.com/quote/XLMUPUSDT/chart?p=XLMUPUSDT
LPTUSDT,https://finance.yahoo.com/quote/LPTUSDT/chart?p=LPTUSDT
VENUSDT,https://finance.yahoo.com/quote/VENUSDT/chart?p=VENUSDT
ALPACAUSDT,https://finance.yahoo.com/quote/ALPACAUSDT/chart?p=ALPACAUSDT
INJUSDT,https://finance.yahoo.com/quote/INJUSDT/chart?p=INJUSDT
KEYUSDT,https://finance.yahoo.com/quote/KEYUSDT/chart?p=KEYUSDT
PUNDIXUSDT,https://finance.yahoo.com/quote/PUNDIXUSDT/chart?p=PUNDIXUSDT
TWTUSDT,https://finance.yahoo.com/quote/TWTUSDT/chart?p=TWTUSDT
WRXUSDT,https://finance.yahoo.com/quote/WRXUSDT/chart?p=WRXUSDT
BCHDOWNUSDT,https://finance.yahoo.com/quote/BCHDOWNUSDT/chart?p=BCHDOWNUSDT
OOKIUSDT,https://finance.yahoo.com/quote/OOKIUSDT/chart?p=OOKIUSDT
SUPERUSDT,https://finance.yahoo.com/quote/SUPERUSDT/chart?p=SUPERUSDT
CTSIUSDT,https://finance.yahoo.com/quote/CTSIUSDT/chart?p=CTSIUSDT
IRISUSDT,https://finance.yahoo.com/quote/IRISUSDT/chart?p=IRISUSDT
PSGUSDT,https://finance.yahoo.com/quote/PSGUSDT/chart?p=PSGUSDT
FORTHUSDT,https://finance.yahoo.com/quote/FORTHUSDT/chart?p=FORTHUSDT
FLOWUSDT,https://finance.yahoo.com/quote/FLOWUSDT/chart?p=FLOWUSDT
XLMUSDT,https://finance.yahoo.com/quote/XLMUSDT/chart?p=XLMUSDT
BNBUPUSDT,https://finance.yahoo.com/quote/BNBUPUSDT/chart?p=BNBUPUSDT
LINKUPUSDT,https://finance.yahoo.com/quote/LINKUPUSDT/chart?p=LINKUPUSDT
NEOUSDT,https://finance.yahoo.com/quote/NEOUSDT/chart?p=NEOUSDT
TRXDOWNUSDT,https://finance.yahoo.com/quote/TRXDOWNUSDT/chart?p=TRXDOWNUSDT
RAREUSDT,https://finance.yahoo.com/quote/RAREUSDT/chart?p=RAREUSDT
USDPUSDT,https://finance.yahoo.com/quote/USDPUSDT/chart?p=USDPUSDT
AAVEUSDT,https://finance.yahoo.com/quote/AAVEUSDT/chart?p=AAVEUSDT
DARUSDT,https://finance.yahoo.com/quote/DARUSDT/chart?p=DARUSDT
ERDUSDT,https://finance.yahoo.com/quote/ERDUSDT/chart?p=ERDUSDT
COSUSDT,https://finance.yahoo.com/quote/COSUSDT/chart?p=COSUSDT
UNIUSDT,https://finance.yahoo.com/quote/UNIUSDT/chart?p=UNIUSDT
PEOPLEUSDT,https://finance.yahoo.com/quote/PEOPLEUSDT/chart?p=PEOPLEUSDT
XZCUSDT,https://finance.yahoo.com/quote/XZCUSDT/chart?p=XZCUSDT
EGLDUSDT,https://finance.yahoo.com/quote/EGLDUSDT/chart?p=EGLDUSDT
SUNUSDT,https://finance.yahoo.com/quote/SUNUSDT/chart?p=SUNUSDT
DASHUSDT,https://finance.yahoo.com/quote/DASHUSDT/chart?p=DASHUSDT
TRXUSDT,https://finance.yahoo.com/quote/TRXUSDT/chart?p=TRXUSDT
BTCUSDT,https://finance.yahoo.com/quote/BTCUSDT/chart?p=BTCUSDT
1INCHDOWNUSDT,https://finance.yahoo.com/quote/1INCHDOWNUSDT/chart?p=1INCHDOWNUSDT
UNFIUSDT,https://finance.yahoo.com/quote/UNFIUSDT/chart?p=UNFIUSDT
MDTUSDT,https://finance.yahoo.com/quote/MDTUSDT/chart?p=MDTUSDT
XRPBEARUSDT,https://finance.yahoo.com/quote/XRPBEARUSDT/chart?p=XRPBEARUSDT
KMDUSDT,https://finance.yahoo.com/quote/KMDUSDT/chart?p=KMDUSDT
AUTOUSDT,https://finance.yahoo.com/quote/AUTOUSDT/chart?p=AUTOUSDT
LINKUSDT,https://finance.yahoo.com/quote/LINKUSDT/chart?p=LINKUSDT
BANDUSDT,https://finance.yahoo.com/quote/BANDUSDT/chart?p=BANDUSDT
FRONTUSDT,https://finance.yahoo.com/quote/FRONTUSDT/chart?p=FRONTUSDT
RUNEUSDT,https://finance.yahoo.com/quote/RUNEUSDT/chart?p=RUNEUSDT
USDSUSDT,https://finance.yahoo.com/quote/USDSUSDT/chart?p=USDSUSDT
LTCDOWNUSDT,https://finance.yahoo.com/quote/LTCDOWNUSDT/chart?p=LTCDOWNUSDT
ROSEUSDT,https://finance.yahoo.com/quote/ROSEUSDT/chart?p=ROSEUSDT
LTCUPUSDT,https://finance.yahoo.com/quote/LTCUPUSDT/chart?p=LTCUPUSDT
CVXUSDT,https://finance.yahoo.com/quote/CVXUSDT/chart?p=CVXUSDT
RLCUSDT,https://finance.yahoo.com/quote/RLCUSDT/chart?p=RLCUSDT
ILVUSDT,https://finance.yahoo.com/quote/ILVUSDT/chart?p=ILVUSDT
XMRUSDT,https://finance.yahoo.com/quote/XMRUSDT/chart?p=XMRUSDT
LRCUSDT,https://finance.yahoo.com/quote/LRCUSDT/chart?p=LRCUSDT
SYSUSDT,https://finance.yahoo.com/quote/SYSUSDT/chart?p=SYSUSDT
UNIDOWNUSDT,https://finance.yahoo.com/quote/UNIDOWNUSDT/chart?p=UNIDOWNUSDT
VITEUSDT,https://finance.yahoo.com/quote/VITEUSDT/chart?p=VITEUSDT
WTCUSDT,https://finance.yahoo.com/quote/WTCUSDT/chart?p=WTCUSDT
GBPUSDT,https://finance.yahoo.com/quote/GBPUSDT/chart?p=GBPUSDT
MANAUSDT,https://finance.yahoo.com/quote/MANAUSDT/chart?p=MANAUSDT
CELOUSDT,https://finance.yahoo.com/quote/CELOUSDT/chart?p=CELOUSDT
BCHUSDT,https://finance.yahoo.com/quote/BCHUSDT/chart?p=BCHUSDT
REEFUSDT,https://finance.yahoo.com/quote/REEFUSDT/chart?p=REEFUSDT
PERLUSDT,https://finance.yahoo.com/quote/PERLUSDT/chart?p=PERLUSDT
LSKUSDT,https://finance.yahoo.com/quote/LSKUSDT/chart?p=LSKUSDT
LINAUSDT,https://finance.yahoo.com/quote/LINAUSDT/chart?p=LINAUSDT
RGTUSDT,https://finance.yahoo.com/quote/RGTUSDT/chart?p=RGTUSDT
FILUSDT,https://finance.yahoo.com/quote/FILUSDT/chart?p=FILUSDT
ALPHAUSDT,https://finance.yahoo.com/quote/ALPHAUSDT/chart?p=ALPHAUSDT
SRMUSDT,https://finance.yahoo.com/quote/SRMUSDT/chart?p=SRMUSDT
ARDRUSDT,https://finance.yahoo.com/quote/ARDRUSDT/chart?p=ARDRUSDT
AIONUSDT,https://finance.yahoo.com/quote/AIONUSDT/chart?p=AIONUSDT
RSRUSDT,https://finance.yahoo.com/quote/RSRUSDT/chart?p=RSRUSDT
CTKUSDT,https://finance.yahoo.com/quote/CTKUSDT/chart?p=CTKUSDT
EOSBEARUSDT,https://finance.yahoo.com/quote/EOSBEARUSDT/chart?p=EOSBEARUSDT
AAVEUPUSDT,https://finance.yahoo.com/quote/AAVEUPUSDT/chart?p=AAVEUPUSDT
AUDUSDT,https://finance.yahoo.com/quote/AUDUSDT/chart?p=AUDUSDT
XRPUPUSDT,https://finance.yahoo.com/quote/XRPUPUSDT/chart?p=XRPUPUSDT
